row_id,event_id,user_id,channel,event,occurred_at,is_test
R01,V001,a01,A,visit,2026-10-03T09:00:00+08:00,0
R02,V002,a02,A,visit,2026-10-03T09:00:00+08:00,0
R03,V003,a03,A,visit,2026-10-03T09:00:00+08:00,0
R04,V004,a04,A,visit,2026-10-03T09:00:00+08:00,0
R05,V005,a05,A,visit,2026-10-03T09:00:00+08:00,0
R06,V006,a06,A,visit,2026-10-03T09:00:00+08:00,0
R07,V007,a07,A,visit,2026-10-03T09:00:00+08:00,0
R08,V008,a08,A,visit,2026-10-03T09:00:00+08:00,0
R09,C001,a01,A,click,2026-10-03T09:10:00+08:00,0
R10,C002,a02,A,click,2026-10-03T09:10:00+08:00,0
R11,C003,a03,A,click,2026-10-03T09:10:00+08:00,0
R12,C004,a04,A,click,2026-10-03T09:10:00+08:00,0
R13,S001,a01,A,submit_success,2026-10-03T09:20:00+08:00,0
R14,S002,a02,A,submit_success,2026-10-03T09:20:00+08:00,0
R15,V009,b01,B,visit,2026-10-03T09:00:00+08:00,0
R16,V010,b02,B,visit,2026-10-03T09:00:00+08:00,0
R17,V011,b03,B,visit,2026-10-03T09:00:00+08:00,0
R18,V012,b04,B,visit,2026-10-03T09:00:00+08:00,0
R19,V013,b05,B,visit,2026-10-03T09:00:00+08:00,0
R20,V014,b06,B,visit,2026-10-03T09:00:00+08:00,0
R21,C005,b01,B,click,2026-10-03T09:10:00+08:00,0
R22,C006,b02,B,click,2026-10-03T09:10:00+08:00,0
R23,C007,b03,B,click,2026-10-03T09:10:00+08:00,0
R24,S003, B01 ,B,submit_success,2026-10-03T09:20:00+08:00,0
R25,S004,b02,B,submit_success,2026-10-03T09:20:00+08:00,0
R26,C005,b01,B,click,2026-10-03T09:10:00+08:00,0
R27,V015,,A,visit,2026-10-03T09:00:00+08:00,0
R28,S005,t01,A,submit_success,2026-10-03T09:20:00+08:00,1
R29,V016,b07,B,visit,2026-09-30T09:00:00+08:00,0
